t_values,xi_values,x_values,v_values
1e-08,-0.0006207525730133057,-0.999913215637207,0.017355870455503464
0.01001002,0.00018227100372314453,-0.9996528625488281,0.03471340611577034
0.02002003,0.0009913146495819092,-0.9992189407348633,0.05207215994596481
0.03003004,0.0018061697483062744,-0.9986113905906677,0.06943169236183167
0.04004005,0.0026271045207977295,-0.9978302717208862,0.08679155260324478
0.05005006,0.003454059362411499,-0.9968755841255188,0.10415130853652954
0.06006007,0.004287302494049072,-0.9957472681999207,0.12151052057743073
0.07007007999999999,0.005126625299453735,-0.9944453835487366,0.13886873424053192
0.08008008999999999,0.005972236394882202,-0.9929699301719666,0.1562255173921585
0.09009009999999999,0.006824135780334473,-0.9913209080696106,0.17358040809631348
0.10010010999999999,0.0076825618743896484,-0.9894983172416687,0.190932959318161
0.11011011999999999,0.008547395467758179,-0.9875022172927856,0.2082827240228653
0.12012012999999999,0.009418666362762451,-0.9853326678276062,0.22562921047210693
0.13013014,0.010296553373336792,-0.9829896688461304,0.24297195672988892
0.14014015,0.011181086301803589,-0.9804732799530029,0.26031047105789185
0.15015015999999998,0.01207229495048523,-0.9777835011482239,0.2776442766189575
0.16016017,0.012970268726348877,-0.974920392036438,0.29497283697128296
0.17017018,0.013875037431716919,-0.9718840718269348,0.3122956156730652
0.18018019,0.014786690473556519,-0.9686745405197144,0.3296121060848236
0.19019019999999998,0.015705257654190063,-0.9652918577194214,0.3469217121601105
0.20020021,0.016630828380584717,-0.9617361426353455,0.3642238676548004
0.21021022,0.017563343048095703,-0.9580073952674866,0.3815179765224457
0.22022023,0.01850295066833496,-0.954105794429779,0.3988034129142761
0.23023023999999997,0.019449710845947266,-0.9500313401222229,0.4160795211791992
0.24024025,0.020403623580932617,-0.9457842111587524,0.43334561586380005
0.25025026,0.021364688873291016,-0.9413644671440125,0.4506010115146637
0.26026027,0.0223330557346344,-0.9367722272872925,0.46784496307373047
0.27027028,0.02330869436264038,-0.9320076107978821,0.4850766956806183
0.28028029,0.0242917537689209,-0.9270707368850708,0.5022954344749451
0.2902903,0.025282055139541626,-0.9219617247581482,0.5195003151893616
0.30030030999999996,0.026279866695404053,-0.9166807532310486,0.5366904139518738
0.31031032,0.02728492021560669,-0.9112279415130615,0.5538648366928101
0.32032033,0.028297603130340576,-0.9056034684181213,0.571022629737854
0.33033034,0.02931767702102661,-0.8998075127601624,0.5881627798080444
0.34034035,0.03034520149230957,-0.8938402533531189,0.6052841544151306
0.35035035999999997,0.031380295753479004,-0.8877018690109253,0.6223856806755066
0.36036037,0.032422930002212524,-0.8813925981521606,0.6394661068916321
0.37037038,0.03347301483154297,-0.8749126195907593,0.6565242409706116
0.38038038999999996,0.03453078866004944,-0.8682621717453003,0.6735587120056152
0.39039039999999997,0.03559595346450806,-0.8614414930343628,0.690568208694458
0.40040041,0.03666877746582031,-0.8544508814811707,0.7075511813163757
0.41041042,0.03774911165237427,-0.847290575504303,0.724506139755249
0.42042043,0.03883698582649231,-0.8399608731269836,0.741431474685669
0.43043043999999997,0.03993239998817444,-0.8324620723724365,0.7583255171775818
0.44044045,0.04103529453277588,-0.8247944712638855,0.7751864194869995
0.45045046,0.042145758867263794,-0.8169584274291992,0.7920123338699341
0.46046046999999996,0.043263524770736694,-0.8089542984962463,0.8088012933731079
0.47047047999999997,0.044388771057128906,-0.8007825016975403,0.8255512118339539
0.48048049,0.045521438121795654,-0.7924433946609497,0.8422598838806152
0.4904905,0.04666149616241455,-0.7839374542236328,0.8589249849319458
0.5005005100000001,0.04780873656272888,-0.7752650380134583,0.8755441308021545
0.5105105200000001,0.048963308334350586,-0.766426682472229,0.8921148180961609
0.5205205300000001,0.05012509226799011,-0.7574228644371033,0.9086343050003052
0.53053054,0.0512939989566803,-0.748254120349884,0.9250998497009277
0.54054055,0.05246990919113159,-0.738921046257019,0.9415085315704346
0.55055056,0.053652822971343994,-0.7294241786003113,0.9578572511672974
0.56056057,0.05484253168106079,-0.7197641134262085,0.9741427898406982
0.57057058,0.056039124727249146,-0.7099415063858032,0.990361750125885
0.5805805900000001,0.05724248290061951,-0.6999570727348328,1.006510615348816
0.5905906000000001,0.05845236778259277,-0.6898115277290344,1.0225857496261597
0.60060061,0.05966871976852417,-0.6795055866241455,1.0385832786560059
0.61061062,0.06089159846305847,-0.6690400838851929,1.0544992685317993
0.62062063,0.06212055683135986,-0.6584158539772034,1.0703294277191162
0.63063064,0.0633557140827179,-0.6476337909698486,1.0860693454742432
0.64064065,0.06459695100784302,-0.6366947889328003,1.1017146110534668
0.65065066,0.06584390997886658,-0.6255998015403748,1.1172603368759155
0.6606606700000001,0.06709659099578857,-0.614349901676178,1.1327016353607178
0.6706706800000001,0.06835481524467468,-0.6029461026191711,1.1480334997177124
0.6806806900000001,0.06961846351623535,-0.5913895964622498,1.1632505655288696
0.6906907,0.07088720798492432,-0.5796815156936646,1.1783473491668701
0.70070071,0.07216092944145203,-0.567823052406311,1.1933181285858154
0.71071072,0.0734395980834961,-0.555815577507019,1.208156943321228
0.72072073,0.07472279667854309,-0.5436604022979736,1.2228578329086304
0.73073074,0.07601046562194824,-0.5313588976860046,1.2374143600463867
0.7407407500000001,0.07730233669281006,-0.5189125537872314,1.2518202066421509
0.7507507600000001,0.07859811186790466,-0.506322979927063,1.2660685777664185
0.76076077,0.07989773154258728,-0.4935917258262634,1.280152678489685
0.77077078,0.08120077848434448,-0.4807204604148865,1.2940654754638672
0.78078079,0.08250728249549866,-0.4677109718322754,1.3077995777130127
0.7907908,0.08381658792495728,-0.45456504821777344,1.321347713470459
0.80080081,0.08512875437736511,-0.4412846267223358,1.3347022533416748
0.81081082,0.0864434540271759,-0.4278716444969177,1.3478554487228394
0.8208208300000001,0.08776029944419861,-0.4143281579017639,1.3607994318008423
0.8308308400000001,0.08907920122146606,-0.4006563127040863,1.3735260963439941
0.8408408500000001,0.09039965271949768,-0.38685834407806396,1.3860273361206055
0.85085086,0.0917215347290039,-0.37293651700019836,1.3982946872711182
0.86086087,0.09304443001747131,-0.3588932156562805,1.4103199243545532
0.87087088,0.09436804056167603,-0.3447309136390686,1.4220943450927734
0.88088089,0.09569215774536133,-0.3304521441459656,1.4336094856262207
0.8908909,0.09701642394065857,-0.31605955958366394,1.4448566436767578
0.90090091,0.09834045171737671,-0.301555871963501,1.455826997756958
0.9109109200000001,0.0996638834476471,-0.2869439125061035,1.4665119647979736
0.92092093,0.10098651051521301,-0.27222657203674316,1.476902723312378
0.93093094,0.10230785608291626,-0.2574068307876587,1.4869904518127441
0.94094095,0.10362768173217773,-0.24248775839805603,1.4967665672302246
0.95095096,0.10494565963745117,-0.22747251391410828,1.5062223672866821
0.96096097,0.1062612533569336,-0.2123643457889557,1.515349268913269
0.97097098,0.10757419466972351,-0.1971665918827057,1.5241386890411377
0.98098099,0.10888415575027466,-0.18188266456127167,1.532582402229309
0.9909910000000001,0.110190749168396,-0.16651606559753418,1.5406720638275146
1.00100101,0.11149352788925171,-0.15107037127017975,1.5483996868133545
1.01101102,0.11279222369194031,-0.13554924726486206,1.5557575225830078
1.02102103,0.11408635973930359,-0.11995642632246017,1.5627378225326538
1.03103104,0.11537566781044006,-0.10429571568965912,1.5693333148956299
1.04104105,0.11665967106819153,-0.08857100456953049,1.575536847114563
1.0510510599999998,0.11793795228004456,-0.07278624922037125,1.5813416242599487
1.0610610699999998,0.11921027302742004,-0.05694546550512314,1.5867412090301514
1.0710710799999998,0.12047609686851501,-0.04105273634195328,1.5917294025421143
1.0810810899999999,0.12173515558242798,-0.025112206116318703,1.596300482749939
1.0910910999999999,0.12298697233200073,-0.00912807323038578,1.6004492044448853
1.1011011099999999,0.12423121929168701,0.006895413622260094,1.6041704416275024
1.11111112,0.12546736001968384,0.022953957319259644,1.6074597835540771
1.12112113,0.12669521570205688,0.03904321789741516,1.6103131771087646
1.13113114,0.127914160490036,0.055158816277980804,1.6127270460128784
1.14114115,0.1291240155696869,0.0712963417172432,1.6146981716156006
1.15115116,0.13032427430152893,0.08745135366916656,1.6162240505218506
1.16116117,0.13151457905769348,0.10361938923597336,1.617302417755127
1.17117118,0.13269472122192383,0.11979596316814423,1.617931842803955
1.18118119,0.1338641345500946,0.13597658276557922,1.6181111335754395
1.1911912,0.13502240180969238,0.1521567404270172,1.6178398132324219
1.2012012099999998,0.13616928458213806,0.16833193600177765,1.6171178817749023
1.2112112199999998,0.13730427622795105,0.1844976544380188,1.615945816040039
1.2212212299999998,0.13842710852622986,0.2006494104862213,1.6143245697021484
1.2312312399999998,0.13953736424446106,0.21678271889686584,1.6122558116912842
1.2412412499999999,0.14063474535942078,0.23289310932159424,1.6097416877746582
1.2512512599999999,0.1417190134525299,0.24897614121437073,1.606784701347351
1.2612612699999999,0.1427895724773407,0.26502740383148193,1.6033879518508911
1.27127128,0.14384618401527405,0.28104251623153687,1.5995551347732544
1.28128129,0.14488855004310608,0.2970171272754669,1.5952903032302856
1.2912913,0.14591622352600098,0.31294694542884827,1.5905978679656982
1.30130131,0.1469290852546692,0.32882770895957947,1.5854829549789429
1.31131132,0.14792656898498535,0.34465524554252625,1.5799508094787598
1.32132133,0.1489085853099823,0.3604254126548767,1.5740073919296265
1.33133134,0.14987459778785706,0.37613409757614136,1.56765878200531
1.34134135,0.15082448720932007,0.39177730679512024,1.5609116554260254
1.35135136,0.1517578661441803,0.4073510766029358,1.5537728071212769
1.36136137,0.15267449617385864,0.4228515326976776,1.5462493896484375
1.3713713799999998,0.15357401967048645,0.4382748603820801,1.538348913192749
1.3813813899999998,0.15445631742477417,0.4536173343658447,1.5300792455673218
1.3913913999999998,0.1553208827972412,0.46887528896331787,1.5214482545852661
1.4014014099999998,0.15616774559020996,0.484045147895813,1.512464165687561
1.4114114199999999,0.15699639916419983,0.4991234540939331,1.5031354427337646
1.4214214299999999,0.15780675411224365,0.5141067504882812,1.493470549583435
1.4314314399999999,0.158598393201828,0.5289917588233948,1.48347806930542
1.44144145,0.1593712568283081,0.5437752604484558,1.4731669425964355
1.45145146,0.16012516617774963,0.5584540963172913,1.4625458717346191
1.46146147,0.16085967421531677,0.5730252265930176,1.4516239166259766
1.47147148,0.16157472133636475,0.587485671043396,1.4404100179672241
1.48148149,0.16227012872695923,0.6018325090408325,1.4289131164550781
1.4914915,0.16294553875923157,0.6160629987716675,1.4171421527862549
1.50150151,0.16360092163085938,0.630174458026886,1.4051061868667603
1.51151152,0.1642361283302307,0.6441642642021179,1.392814040184021
1.5215215299999998,0.16485077142715454,0.6580299139022827,1.3802745342254639
1.5315315399999998,0.1654449701309204,0.6717689633369446,1.367496371269226
1.5415415499999998,0.16601833701133728,0.6853790879249573,1.3544882535934448
1.5515515599999998,0.16657084226608276,0.6988580226898193,1.3412586450576782
1.5615615699999998,0.16710227727890015,0.7122035622596741,1.3278160095214844
1.5715715799999999,0.16761252284049988,0.7254136800765991,1.3141685724258423
1.5815815899999999,0.16810154914855957,0.7384862899780273,1.3003244400024414
1.5915915999999999,0.1685691475868225,0.7514195442199707,1.2862915992736816
1.60160161,0.16901513934135437,0.7642115354537964,1.2720776796340942
1.61161162,0.16943955421447754,0.7768605351448059,1.2576904296875
1.62162163,0.1698422133922577,0.7893648147583008,1.243137240409851
1.63163164,0.17022311687469482,0.8017227649688721,1.2284252643585205
1.64164165,0.170582115650177,0.8139328360557556,1.2135615348815918
1.65165166,0.17091906070709229,0.825993537902832,1.1985528469085693
1.66166167,0.17123401165008545,0.8379034399986267,1.183405876159668
1.67167168,0.1715269684791565,0.8496612310409546,1.1681269407272339
1.68168169,0.1717977523803711,0.8612655997276306,1.1527222394943237
1.6916916999999998,0.17204633355140686,0.8727152943611145,1.137197732925415
1.7017017099999998,0.17227280139923096,0.8840091824531555,1.1215592622756958
1.7117117199999998,0.17247694730758667,0.8951461315155029,1.1058123111724854
1.7217217299999998,0.17265889048576355,0.9061250686645508,1.089962363243103
1.7317317399999999,0.17281848192214966,0.9169450402259827,1.07401442527771
1.7417417499999999,0.17295598983764648,0.9276050329208374,1.0579736232757568
1.7517517599999999,0.17307114601135254,0.9381042122840881,1.0418444871902466
1.76176177,0.17316409945487976,0.9484416842460632,1.0256317853927612
1.77177178,0.17323482036590576,0.9586166143417358,1.009339690208435
1.78178179,0.1732834279537201,0.9686282277107239,0.9929724931716919
1.7917918,0.17330986261367798,0.97847580909729,0.9765341281890869
1.80180181,0.1733141541481018,0.9881587028503418,0.9600284099578857
1.81181182,0.1732964813709259,0.9976761937141418,0.9434589743614197
1.82182183,0.17325687408447266,1.0070276260375977,0.9268292784690857
1.83183184,0.1731952726840973,1.0162125825881958,0.9101426005363464
1.8418418499999998,0.17311197519302368,1.0252304077148438,0.893402099609375
1.8518518599999998,0.1730068027973175,1.0340805053710938,0.8766107559204102
1.8618618699999998,0.1728801429271698,1.0427623987197876,0.8597714304924011
1.8718718799999998,0.1727319359779358,1.0512757301330566,0.8428868055343628
1.8818818899999998,0.17256218194961548,1.0596200227737427,0.8259593844413757
1.8918918999999998,0.17237132787704468,1.0677947998046875,0.8089916110038757
1.9019019099999999,0.17215916514396667,1.0757997035980225,0.791985809803009
1.9119119199999999,0.17192605137825012,1.083634376525879,0.7749440670013428
1.92192193,0.17167195677757263,1.0912984609603882,0.7578685283660889
1.93193194,0.1713973879814148,1.0987915992736816,0.7407610416412354
1.94194195,0.17110192775726318,1.1061135530471802,0.723623514175415
1.95195196,0.1707862913608551,1.1132639646530151,0.7064576148986816
1.96196197,0.17045024037361145,1.1202425956726074,0.6892650127410889
1.97197198,0.17009425163269043,1.127049207687378,0.6720472574234009
1.98198199,0.16971832513809204,1.133683443069458,0.6548057794570923
1.991992,0.16932278871536255,1.140145182609558,0.6375419497489929
2.00200201,0.16890773177146912,1.1464341878890991,0.6202570796012878
2.01201202,0.16847342252731323,1.152550220489502,0.6029523611068726
2.02202203,0.16802003979682922,1.158493161201477,0.5856289267539978
2.03203204,0.16754788160324097,1.1642627716064453,0.5682879090309143
2.04204205,0.1670570969581604,1.1698589324951172,0.5509302616119385
2.05205206,0.16654789447784424,1.1752814054489136,0.5335569977760315
2.06206207,0.16602051258087158,1.180530071258545,0.516169011592865
2.07207208,0.1654752790927887,1.1856048107147217,0.4987671375274658
2.08208209,0.16491249203681946,1.1905053853988647,0.48135215044021606
2.0920921,0.16433227062225342,1.1952317953109741,0.4639248549938202
2.1021021099999997,0.16373491287231445,1.1997838020324707,0.4464859366416931
2.11211212,0.16312065720558167,1.2041614055633545,0.42903605103492737
2.1221221299999997,0.16248980164527893,1.208364486694336,0.4115758538246155
2.13213214,0.16184261441230774,1.2123929262161255,0.3941059410572052
2.1421421499999997,0.16117939352989197,1.2162466049194336,0.3766268491744995
2.15215216,0.16050037741661072,1.2199254035949707,0.3591391444206238
2.1621621699999998,0.15980583429336548,1.2234293222427368,0.3416433334350586
2.17217218,0.15909606218338013,1.2267582416534424,0.32413989305496216
2.18218219,0.1583714485168457,1.2299120426177979,0.3066292703151703
2.1921922,0.15763214230537415,1.2328907251358032,0.2891118824481964
2.20220221,0.15687844157218933,1.235694169998169,0.27158817648887634
2.21221222,0.15611067414283752,1.238322377204895,0.2540585398674011
2.22222223,0.155329167842865,1.2407753467559814,0.2365233302116394
2.23223224,0.15453428030014038,1.2430528402328491,0.21898292005062103
2.24224225,0.15372616052627563,1.2451549768447876,0.20143765211105347
2.2522522599999997,0.15290507674217224,1.2470816373825073,0.18388785421848297
2.26226227,0.15207141637802124,1.2488327026367188,0.1663338541984558
2.2722722799999997,0.1512254774570465,1.2504082918167114,0.14877596497535706
2.28228229,0.15036770701408386,1.2518082857131958,0.1312144696712494
2.2922922999999997,0.1494981348514557,1.2530325651168823,0.11364966630935669
2.30230231,0.1486172080039978,1.2540812492370605,0.09608183056116104
2.3123123199999998,0.1477251648902893,1.254954218864441,0.07851123809814453
2.32232233,0.14682236313819885,1.2556514739990234,0.06093815714120865
2.33233234,0.14590901136398315,1.256173014640808,0.043362848460674286
2.34234235,0.14498552680015564,1.2565187215805054,0.02578556537628174
2.35235236,0.14405202865600586,1.2566887140274048,0.008206561207771301
2.36236237,0.14310893416404724,1.2566828727722168,-0.009373916313052177
2.37237238,0.1421564817428589,1.2565011978149414,-0.02695562317967415
2.38238239,0.14119496941566467,1.2561436891555786,-0.04453831911087036
2.3923924,0.14022481441497803,1.2556103467941284,-0.06212175637483597
2.4024024099999997,0.13924604654312134,1.2549011707305908,-0.07970570027828217
2.41241242,0.13825926184654236,1.2540161609649658,-0.09728991985321045
2.4224224299999997,0.13726434111595154,1.2529553174972534,-0.11487416923046112
2.43243244,0.13626176118850708,1.2517186403274536,-0.13245820999145508
2.4424424499999997,0.13525184988975525,1.2503061294555664,-0.15004180371761322
2.45245246,0.1342349648475647,1.2487177848815918,-0.16762471199035645
2.4624624699999997,0.1332111656665802,1.2469536066055298,-0.18520668148994446
2.47247248,0.13218066096305847,1.2450135946273804,-0.20278748869895935
2.4824824899999998,0.1311439573764801,1.242897868156433,-0.22036686539649963
2.4924925,0.13010120391845703,1.2406063079833984,-0.2379445731639862
2.50250251,0.1290525496006012,1.238139033317566,-0.2555203437805176
2.51251252,0.12799838185310364,1.235495924949646,-0.27309390902519226
2.52252253,0.12693902850151062,1.2326771020889282,-0.29066503047943115
2.53253254,0.12587445974349976,1.2296825647354126,-0.3082334101200104
2.54254255,0.12480518221855164,1.2265124320983887,-0.32579877972602844
2.55255256,0.12373125553131104,1.223166584968567,-0.3433608412742615
2.56256257,0.12265294790267944,1.2196451425552368,-0.3609192967414856
2.5725725799999997,0.1215706467628479,1.215948224067688,-0.37847381830215454
2.58258259,0.12048439681529999,1.2120757102966309,-0.39602410793304443
2.5925925999999997,0.11939442157745361,1.208027720451355,-0.4135698080062866
2.60260261,0.11830106377601624,1.2038042545318604,-0.43111059069633484
2.6126126199999997,0.11720451712608337,1.1994054317474365,-0.44864609837532043
2.62262263,0.11610481142997742,1.194831371307373,-0.46617594361305237
2.6326326399999997,0.11500254273414612,1.1900819540023804,-0.4836997091770172
2.64264265,0.11389759182929993,1.1851574182510376,-0.5012170076370239
2.6526526599999998,0.1127903163433075,1.1800576448440552,-0.5187273621559143
2.66266267,0.11168080568313599,1.1747828722000122,-0.5362303256988525
2.67267268,0.11056926846504211,1.1693331003189087,-0.5537254214286804
2.68268269,0.10945609211921692,1.1637084484100342,-0.571212112903595
2.6926927,0.10834145545959473,1.1579089164733887,-0.5886898636817932
2.70270271,0.1072251945734024,1.1519346237182617,-0.6061580777168274
2.71271272,0.1061079353094101,1.1457856893539429,-0.6236161589622498
2.72272273,0.10498972237110138,1.1394622325897217,-0.6410634517669678
2.73273274,0.10387040674686432,1.1329643726348877,-0.6584992408752441
2.7427427499999997,0.10275064408779144,1.1262922286987305,-0.6759228110313416
2.75275276,0.10163043439388275,1.1194459199905396,-0.6933333277702332
2.7627627699999997,0.10050997138023376,1.1124255657196045,-0.7107299566268921
2.77277278,0.09938937425613403,1.1052312850952148,-0.7281118631362915
2.7827827899999997,0.09826895594596863,1.0978633165359497,-0.7454780340194702
2.7927928,0.09714871644973755,1.0903217792510986,-0.762827455997467
2.8028028099999998,0.09602895379066467,1.0826067924499512,-0.7801591157913208
2.81281282,0.09490975737571716,1.0747185945510864,-0.7974717617034912
2.82282283,0.09379133582115173,1.0666574239730835,-0.8147642016410828
2.83283284,0.09267377853393555,1.058423399925232,-0.8320351243019104
2.84284285,0.09155735373497009,1.0500167608261108,-0.8492831587791443
2.85285286,0.09044221043586731,1.0414377450942993,-0.8665067553520203
2.86286287,0.08932855725288391,1.032686710357666,-0.8837043642997742
2.87287288,0.08821630477905273,1.0237637758255005,-0.9008742570877075
2.88288289,0.08710587024688721,1.0146692991256714,-0.918014645576477
2.8928928999999997,0.08599725365638733,1.0054035186767578,-0.93512362241745
2.90290291,0.08489081263542175,0.9959668517112732,-0.9521991610527039
2.9129129199999997,0.08378642797470093,0.9863595962524414,-0.9692390561103821
2.92292293,0.0826844871044159,0.9765821695327759,-0.9862410426139832
2.9329329399999997,0.08158501982688904,0.9666349291801453,-1.0032026767730713
2.94294295,0.08048821985721588,0.956518292427063,-1.0201212167739868
2.9529529599999997,0.07939417660236359,0.9462326765060425,-1.0369940996170044
2.96296297,0.07830296456813812,0.9357785582542419,-1.0538182258605957
2.9729729799999998,0.07721491158008575,0.9251564741134644,-1.070590615272522
2.98298299,0.07613016664981842,0.9143669009208679,-1.0873080492019653
2.992993,0.07504865527153015,0.9034104943275452,-1.1039669513702393
3.00300301,0.07397061586380005,0.8922877907752991,-1.1205637454986572
3.01301302,0.07289639115333557,0.8809994459152222,-1.137094497680664
3.02302303,0.07182574272155762,0.869546115398407,-1.1535552740097046
3.03303304,0.07075923681259155,0.8579285740852356,-1.1699416637420654
3.0430430499999996,0.06969663500785828,0.8461475372314453,-1.1862492561340332
3.05305306,0.06863835453987122,0.834203839302063,-1.2024732828140259
3.0630630699999997,0.06758421659469604,0.8220983743667603,-1.2186087369918823
3.07307308,0.06653466820716858,0.809831976890564,-1.2346504926681519
3.0830830899999997,0.0654897689819336,0.7974056601524353,-1.2505930662155151
3.0930931,0.0644494891166687,0.7848204374313354,-1.2664307355880737
3.1031031099999997,0.06341409683227539,0.7720773816108704,-1.28215754032135
3.11311312,0.06238369643688202,0.7591776251792908,-1.2977672815322876
3.1231231299999997,0.06135846674442291,0.746122419834137,-1.313253402709961
3.13313314,0.06033836305141449,0.7329129576683044,-1.3286091089248657
3.1431431499999998,0.05932362377643585,0.7195506691932678,-1.343827486038208
3.15315316,0.05831436812877655,0.7060368657112122,-1.3589011430740356
3.16316317,0.0573108047246933,0.6923730969429016,-1.373822569847107
3.17317318,0.05631297826766968,0.6785609126091003,-1.3885838985443115
3.18318319,0.05532090365886688,0.6646019816398621,-1.40317702293396
3.1931932,0.05433483421802521,0.6504979729652405,-1.4175934791564941
3.20320321,0.05335482954978943,0.6362507343292236,-1.4318246841430664
3.2132132199999996,0.052381038665771484,0.6218621134757996,-1.44586181640625
3.22322323,0.05141362547874451,0.6073341369628906,-1.4596956968307495
3.2332332399999997,0.05045264959335327,0.592668890953064,-1.47331702709198
3.24324325,0.049498051404953,0.5778685212135315,-1.4867161512374878
3.2532532599999997,0.04855024814605713,0.5629352927207947,-1.4998834133148193
3.26326327,0.04760923981666565,0.5478715896606445,-1.5128086805343628
3.2732732799999997,0.046675026416778564,0.5326799154281616,-1.5254818201065063
3.28328329,0.045747727155685425,0.5173628330230713,-1.5378925800323486
3.2932932999999998,0.04482761025428772,0.5019229650497437,-1.5500304698944092
3.30330331,0.04391452670097351,0.48636314272880554,-1.5618849992752075
3.31331332,0.04300883412361145,0.4706862270832062,-1.573445439338684
3.32332333,0.04211048781871796,0.4548952281475067,-1.5847009420394897
3.33333334,0.04121963679790497,0.4389932453632355,-1.5956408977508545
3.34334335,0.04033629596233368,0.42298346757888794,-1.6062544584274292
3.35335336,0.039460644125938416,0.40686923265457153,-1.6165308952331543
3.36336337,0.03859277069568634,0.39065396785736084,-1.6264593601226807
3.37337338,0.037732675671577454,0.3743411898612976,-1.6360293626785278
3.3833833899999997,0.036880508065223694,0.3579345643520355,-1.6452302932739258
3.3933934,0.03603637218475342,0.34143781661987305,-1.6540518999099731
3.4034034099999997,0.035200417041778564,0.3248547911643982,-1.6624839305877686
3.41341342,0.03437244892120361,0.30818942189216614,-1.6705164909362793
3.4234234299999997,0.03355288505554199,0.291445791721344,-1.6781398057937622
3.43343344,0.03274156153202057,0.2746279835700989,-1.6853445768356323
3.4434434499999997,0.03193861246109009,0.2577402591705322,-1.6921216249465942
3.45345346,0.031144142150878906,0.24078695476055145,-1.6984623670578003
3.4634634699999998,0.030358314514160156,0.22377245128154755,-1.7043585777282715
3.47347348,0.029581069946289062,0.20670124888420105,-1.709802269935608
3.48348349,0.0288124680519104,0.18957790732383728,-1.7147862911224365
3.4934935,0.028052523732185364,0.17240704596042633,-1.7193036079406738
3.50350351,0.027301520109176636,0.15519337356090546,-1.7233480215072632
3.51351352,0.026559218764305115,0.1379416435956955,-1.7269138097763062
3.52352353,0.02582593262195587,0.12065666913986206,-1.729995846748352
3.5335335399999996,0.025101497769355774,0.10334331542253494,-1.7325897216796875
3.54354355,0.024386093020439148,0.08600647747516632,-1.7346913814544678
3.5535535599999997,0.023679718375205994,0.06865110248327255,-1.7362977266311646
3.56356357,0.022982463240623474,0.05128214880824089,-1.7374062538146973
3.5735735799999997,0.02229425311088562,0.033904608339071274,-1.738015055656433
3.58358359,0.02161528170108795,0.016523484140634537,-1.7381230592727661
3.5935935999999997,0.020945444703102112,-0.0008562151342630386,-1.737729787826538
3.60360361,0.020284846425056458,-0.018229475244879723,-1.7368354797363281
3.6136136199999997,0.019633516669273376,-0.03559128940105438,-1.7354412078857422
3.62362363,0.01899142563343048,-0.052936673164367676,-1.733548641204834
3.6336336399999998,0.018358618021011353,-0.07026064395904541,-1.7311601638793945
3.64364365,0.017735004425048828,-0.08755826950073242,-1.7282788753509521
3.65365366,0.017120778560638428,-0.10482462495565414,-1.724908471107483
3.66366367,0.01651585102081299,-0.12205485254526138,-1.7210534811019897
3.67367368,0.015920251607894897,-0.13924412429332733,-1.7167187929153442
3.6836836899999996,0.015333950519561768,-0.15638767182826996,-1.7119101285934448
3.6936937,0.014756903052330017,-0.1734807938337326,-1.7066336870193481
3.7037037099999996,0.014189094305038452,-0.1905188411474228,-1.7008962631225586
3.71371372,0.013630643486976624,-0.207497239112854,-1.6947052478790283
3.7237237299999997,0.01308143138885498,-0.2244114875793457,-1.6880683898925781
3.73373374,0.012541458010673523,-0.2412571758031845,-1.6809940338134766
3.7437437499999997,0.012010589241981506,-0.258029967546463,-1.6734908819198608
3.75375376,0.011488884687423706,-0.27472561597824097,-1.6655679941177368
3.7637637699999997,0.010976195335388184,-0.2913399636745453,-1.657234787940979
3.77377378,0.010472670197486877,-0.30786898732185364,-1.6485011577606201
3.7837837899999998,0.009978070855140686,-0.32430872321128845,-1.6393771171569824
3.7937938,0.009492352604866028,-0.34065529704093933,-1.6298729181289673
3.80380381,0.009015560150146484,-0.3569049835205078,-1.6199990510940552
3.81381382,0.008547529578208923,-0.3730541169643402,-1.6097662448883057
3.82382383,0.0080881267786026,-0.3890991806983948,-1.5991853475570679
3.83383384,0.007637321949005127,-0.40503671765327454,-1.588267207145691
3.84384385,0.007195025682449341,-0.42086344957351685,-1.5770227909088135
3.8538538599999996,0.006760984659194946,-0.43657615780830383,-1.5654630661010742
3.86386387,0.006335318088531494,-0.4521717131137848,-1.5535991191864014
3.8738738799999997,0.005917757749557495,-0.46764716506004333,-1.541441798210144
3.88388389,0.0055081844329833984,-0.48299962282180786,-1.529002070426941
3.8938938999999997,0.005106434226036072,-0.4982263147830963,-1.5162907838821411
3.90390391,0.004712358117103577,-0.5133245587348938,-1.5033185482025146
3.9139139199999997,0.004325732588768005,-0.5282918214797974,-1.4900959730148315
3.92392393,0.003946483135223389,-0.5431256890296936,-1.4766334295272827
3.9339339399999997,0.003574356436729431,-0.5578237771987915,-1.4629411697387695
3.94394395,0.0032091736793518066,-0.5723838210105896,-1.4490292072296143
3.9539539599999998,0.0028506964445114136,-0.586803674697876,-1.43490731716156
3.96396397,0.002498731017112732,-0.6010813117027283,-1.420585036277771
3.97397398,0.0021528899669647217,-0.6152147650718689,-1.4060717821121216
3.98398399,0.0018130838871002197,-0.6292021870613098,-1.3913767337799072
3.993994,0.0014790594577789307,-0.643041729927063,-1.3765085935592651
4.00400401,0.0011504143476486206,-0.6567317843437195,-1.361475944519043
4.014014019999999,0.0008268952369689941,-0.6702707409858704,-1.3462871313095093
4.02402403,0.000508233904838562,-0.6836570501327515,-1.330950140953064
4.03403404,0.0001939237117767334,-0.6968892812728882,-1.3154727220535278
4.04404405,-0.00011616945266723633,-0.7099660634994507,-1.2998623847961426
4.0540540599999995,-0.00042256712913513184,-0.7228860855102539,-1.2841261625289917
4.06406407,-0.0007255077362060547,-0.7356481552124023,-1.2682709693908691
4.07407408,-0.0010255128145217896,-0.7482511401176453,-1.2523034811019897
4.08408409,-0.0013229697942733765,-0.7606939077377319,-1.2362300157546997
4.0940940999999995,-0.0016183257102966309,-0.7729754447937012,-1.2200565338134766
4.10410411,-0.0019121766090393066,-0.7850947380065918,-1.2037888765335083
4.11411412,-0.00220470130443573,-0.7970508933067322,-1.1874325275421143
4.12412413,-0.002496689558029175,-0.8088430762290955,-1.1709927320480347
4.13413414,-0.002788558602333069,-0.8204704523086548,-1.1544744968414307
4.14414415,-0.0030807703733444214,-0.8319323062896729,-1.1378825902938843
4.15415416,-0.0033741146326065063,-0.8432278633117676,-1.1212214231491089
4.16416417,-0.003669068217277527,-0.8543565273284912,-1.1044954061508179
4.17417418,-0.003966227173805237,-0.8653175830841064,-1.0877084732055664
4.18418419,-0.004266336560249329,-0.8761104941368103,-1.0708644390106201
4.1941942,-0.004570037126541138,-0.8867347240447998,-1.0539668798446655
4.204204209999999,-0.0048779696226119995,-0.8971896767616272,-1.0370192527770996
4.21421422,-0.005191028118133545,-0.907474935054779,-1.0200247764587402
4.22422423,-0.0055098384618759155,-0.9175900220870972,-1.0029864311218262
4.23423424,-0.005835294723510742,-0.9275345206260681,-0.9859070777893066
4.2442442499999995,-0.006168082356452942,-0.9373080134391785,-0.9687893390655518
4.25425426,-0.006509304046630859,-0.9469101428985596,-0.9516357183456421
4.26426427,-0.006859540939331055,-0.9563406109809875,-0.9344485998153687
4.27427428,-0.007220089435577393,-0.9655990600585938,-0.9172301888465881
4.2842842899999996,-0.00759163498878479,-0.9746851325035095,-0.8999825119972229
4.2942943,-0.007975220680236816,-0.9835985898971558,-0.8827075362205505
4.30430431,-0.008371978998184204,-0.9923391938209534,-0.8654070496559143
4.31431432,-0.008782967925071716,-1.0009067058563232,-0.8480827212333679
4.32432433,-0.009209245443344116,-1.0093008279800415,-0.8307361006736755
4.33433434,-0.009651944041252136,-1.0175213813781738,-0.8133686780929565
4.34434435,-0.010112464427947998,-1.0255681276321411,-0.7959818243980408
4.354354359999999,-0.010591760277748108,-1.0334409475326538,-0.7785767912864685
4.36436437,-0.011091411113739014,-1.0411396026611328,-0.76115483045578
4.37437438,-0.011612579226493835,-1.0486639738082886,-0.7437169551849365
4.38438439,-0.012156561017036438,-1.0560139417648315,-0.7262642979621887
4.3943943999999995,-0.012725099921226501,-1.0631892681121826,-0.7087977528572083
4.40440441,-0.013319402933120728,-1.0701898336410522,-0.6913182139396667
4.41441442,-0.013941094279289246,-1.0770155191421509,-0.6738265752792358
4.42442443,-0.014591813087463379,-1.0836663246154785,-0.6563236117362976
4.4344344399999995,-0.01527315378189087,-1.090142011642456,-0.6388100385665894
4.44444445,-0.015986859798431396,-1.096442461013794,-0.6212865114212036
4.45445446,-0.016734659671783447,-1.1025676727294922,-0.6037537455558777
4.46446447,-0.017518356442451477,-1.1085175275802612,-0.5862122774124146
4.47447448,-0.01833978295326233,-1.1142919063568115,-0.568662703037262
4.48448449,-0.019201084971427917,-1.119890809059143,-0.5511056184768677
4.4944945,-0.02010411024093628,-1.1253139972686768,-0.5335414409637451
4.504504509999999,-0.02105097472667694,-1.1305615901947021,-0.5159707069396973
4.51451452,-0.022043853998184204,-1.1356334686279297,-0.4983938932418823
4.52452453,-0.023085013031959534,-1.1405295133590698,-0.48081138730049133
4.53453454,-0.024176567792892456,-1.1452497243881226,-0.4632236361503601
4.5445445499999995,-0.025321081280708313,-1.1497939825057983,-0.4456310272216797
4.55455456,-0.02652086317539215,-1.1541622877120972,-0.4280339777469635
4.56456457,-0.027778491377830505,-1.158354640007019,-0.4104328453540802
4.57457458,-0.029096528887748718,-1.1623709201812744,-0.39282798767089844
4.5845845899999995,-0.03047768771648407,-1.1662111282348633,-0.37521976232528687
4.5945946,-0.031924471259117126,-1.1698752641677856,-0.3576085567474365
4.60460461,-0.03344002366065979,-1.1733633279800415,-0.3399946689605713
4.61461462,-0.03502710163593292,-1.1766752004623413,-0.3223784565925598
4.62462463,-0.03668859601020813,-1.179810881614685,-0.30476024746894836
4.63463464,-0.03842766582965851,-1.1827703714370728,-0.2871403694152832
4.64464465,-0.0402473509311676,-1.1855536699295044,-0.269519180059433
4.654654659999999,-0.04215069115161896,-1.18816077709198,-0.2518969774246216
4.66466467,-0.04414123296737671,-1.1905916929244995,-0.23427411913871765
4.67467468,-0.04622200131416321,-1.1928462982177734,-0.21665093302726746
4.68468469,-0.04839637875556946,-1.1949247121810913,-0.19902774691581726
4.694694699999999,-0.05066794157028198,-1.1968269348144531,-0.18140491843223572
4.70470471,-0.053039997816085815,-1.1985528469085693,-0.16378279030323029
4.71471472,-0.055515825748443604,-1.2001025676727295,-0.14616172015666962
4.72472473,-0.05809934437274933,-1.2014760971069336,-0.12854206562042236
4.7347347399999995,-0.06079369783401489,-1.2026734352111816,-0.11092419922351837
4.74474475,-0.06360234320163727,-1.2036945819854736,-0.09330850839614868
4.75475476,-0.06652891635894775,-1.2045396566390991,-0.07569538056850433
4.76476477,-0.06957687437534332,-1.2052085399627686,-0.05808522552251816
4.7747747799999996,-0.07274919748306274,-1.2057013511657715,-0.04047846794128418
4.78478479,-0.07604958117008209,-1.206018090248108,-0.022875549271702766
4.7947948,-0.07948115468025208,-1.2061588764190674,-0.005276931449770927
4.804804809999999,-0.08304636180400848,-1.20612370967865,0.012316899374127388
4.81481482,-0.08674874901771545,-1.2059125900268555,0.02990543283522129
4.82482483,-0.09059064090251923,-1.2055256366729736,0.04748813062906265
4.83483484,-0.09457454085350037,-1.2049628496170044,0.06506441533565521
4.844844849999999,-0.098702073097229,-1.2042243480682373,0.08263366669416428
4.85485486,-0.10297605395317078,-1.203310251235962,0.10019524395465851
4.86486487,-0.10739684104919434,-1.2022205591201782,0.1177484318614006
4.87487488,-0.1119665652513504,-1.2009553909301758,0.13529248535633087
4.8848848899999995,-0.11668488383293152,-1.1995147466659546,0.15282657742500305
4.8948949,-0.12155269086360931,-1.1978988647460938,0.1703498363494873
4.90490491,-0.12656879425048828,-1.1961078643798828,0.18786130845546722
4.91491492,-0.1317330151796341,-1.1941417455673218,0.20535996556282043
4.9249249299999995,-0.13704276084899902,-1.1920007467269897,0.2228446751832962
4.93493494,-0.14249680936336517,-1.1896849870681763,0.24031421542167664
4.94494495,-0.14809101819992065,-1.187194585800171,0.2577672600746155
4.95495496,-0.15382249653339386,-1.1845297813415527,0.2752023935317993
4.96496497,-0.15968547761440277,-1.1816906929016113,0.2926180362701416
4.97497498,-0.16567571461200714,-1.1786775588989258,0.31001248955726624
4.98498499,-0.17178566753864288,-1.1754906177520752,0.3273839056491852
4.994994999999999,-0.17800939083099365,-1.1721299886703491,0.34473028779029846
5.00500501,-0.1843380182981491,-1.1685960292816162,0.36204952001571655
5.01501502,-0.1907632052898407,-1.1648890972137451,0.3793392479419708
5.02502503,-0.19727422297000885,-1.161009430885315,0.3965969979763031
5.0350350399999995,-0.20386165380477905,-1.1569573879241943,0.4138201177120209
5.04504505,-0.21051321923732758,-1.1527332067489624,0.43100571632385254
5.05505506,-0.21721792221069336,-1.1483373641967773,0.44815078377723694
5.06506507,-0.2239622324705124,-1.1437703371047974,0.4652520716190338
5.0750750799999995,-0.23073339462280273,-1.1390324831008911,0.4823061525821686
5.08508509,-0.2375170886516571,-1.1341243982315063,0.4993094205856323
5.0950951,-0.2443004846572876,-1.1290465593338013,0.5162580609321594
5.10510511,-0.2510679066181183,-1.1237995624542236,0.5331481695175171
5.11511512,-0.2578064203262329,-1.1183838844299316,0.549975574016571
5.12512513,-0.26450082659721375,-1.1128003597259521,0.5667359232902527
5.13513514,-0.27113741636276245,-1.107049584388733,0.5834248065948486
5.145145149999999,-0.2777014672756195,-1.1011322736740112,0.6000375747680664
5.15515516,-0.2841806411743164,-1.095049262046814,0.6165695786476135
5.16516517,-0.29056087136268616,-1.0888012647628784,0.6330158710479736
5.17517518,-0.2968308925628662,-1.082389235496521,0.6493715643882751
5.1851851899999994,-0.3029783070087433,-1.075814127922058,0.6656315922737122
5.1951952,-0.308992862701416,-1.0690770149230957,0.6817908883094788
5.20520521,-0.31486445665359497,-1.0621788501739502,0.6978442072868347
5.21521522,-0.32058411836624146,-1.055120587348938,0.7137863636016846
5.2252252299999995,-0.3261444568634033,-1.0479035377502441,0.7296120524406433
5.23523524,-0.33153799176216125,-1.0405288934707642,0.7453159689903259
5.24524525,-0.3367597460746765,-1.032997727394104,0.7608928084373474
5.25525526,-0.34180447459220886,-1.0253114700317383,0.7763372659683228
5.2652652699999996,-0.34666889905929565,-1.017471432685852,0.7916439175605774
5.27527528,-0.3513502776622772,-1.00947904586792,0.8068074584007263
5.28528529,-0.35584717988967896,-1.001335859298706,0.821822464466095
5.295295299999999,-0.36015841364860535,-0.9930432438850403,0.8366836309432983
5.30530531,-0.3642849326133728,-0.9846028089523315,0.8513855934143066
5.31531532,-0.3682270348072052,-0.9760161638259888,0.8659229874610901
5.32532533,-0.3719868063926697,-0.9672849774360657,0.8802904486656189
5.335335339999999,-0.3755664527416229,-0.9584109783172607,0.8944826126098633
5.34534535,-0.3789694309234619,-0.9493959546089172,0.9084941148757935
5.35535536,-0.3821985721588135,-0.9402417540550232,0.9223195910453796
5.36536537,-0.38525861501693726,-0.9309502840042114,0.9359536170959473
5.3753753799999995,-0.3881532549858093,-0.9215234518051147,0.9493908286094666
5.38538539,-0.39088767766952515,-0.9119632244110107,0.9626257419586182
5.3953954,-0.393466591835022,-0.9022716879844666,0.9756529927253723
5.40540541,-0.3958952724933624,-0.8924509286880493,0.9884670972824097
5.4154154199999995,-0.39817875623703003,-0.8825031518936157,1.0010625123977661
5.42542543,-0.4003227651119232,-0.8724305033683777,1.013433814048767
5.43543544,-0.4023323655128479,-0.8622353076934814,1.0255755186080933
5.44544545,-0.40421321988105774,-0.8519198298454285,1.0374820232391357
5.45545546,-0.40597063302993774,-0.8414865136146545,1.0491478443145752
5.46546547,-0.4076099693775177,-0.8309377431869507,1.0605673789978027
5.47547548,-0.4091363549232483,-0.8202760219573975,1.071735143661499
5.485485489999999,-0.41055503487586975,-0.8095039129257202,1.0826455354690552
5.4954955,-0.41187095642089844,-0.7986240386962891,1.0932930707931519
5.50550551,-0.4130891263484955,-0.7876390218734741,1.1036721467971802
5.51551552,-0.41421401500701904,-0.7765515446662903,1.1137772798538208
5.5255255299999995,-0.4152502417564392,-0.765364408493042,1.1236029863357544
5.53553554,-0.41620224714279175,-0.7540804743766785,1.1331439018249512
5.54554555,-0.4170740246772766,-0.7427025437355042,1.1423945426940918
5.55555556,-0.41786980628967285,-0.7312335968017578,1.151349663734436
5.5655655699999995,-0.41859322786331177,-0.7196766138076782,1.1600040197372437
5.57557558,-0.41924792528152466,-0.7080345749855042,1.1683523654937744
5.58558559,-0.41983741521835327,-0.6963106393814087,1.1763898134231567
5.5955956,-0.42036476731300354,-0.6845079064369202,1.1841113567352295
5.60560561,-0.4208332300186157,-0.6726295351982117,1.191512107849121
5.61561562,-0.4212457239627838,-0.6606787443161011,1.1985875368118286
5.62562563,-0.42160481214523315,-0.6486588716506958,1.2053329944610596
5.635635639999999,-0.4219132363796234,-0.6365731954574585,1.2117441892623901
5.64564565,-0.4221733808517456,-0.6244251132011414,1.217816948890686
5.65565566,-0.42238733172416687,-0.6122180223464966,1.223547339439392
5.66566567,-0.42255735397338867,-0.5999553203582764,1.2289316654205322
5.6756756799999994,-0.4226853549480438,-0.5876405239105225,1.2339662313461304
5.68568569,-0.42277318239212036,-0.5752771496772766,1.2386478185653687
5.6956957,-0.4228224754333496,-0.5628687739372253,1.2429734468460083
5.70570571,-0.4228348135948181,-0.5504189133644104,1.2469402551651
5.7157157199999995,-0.42281168699264526,-0.5379312038421631,1.250545620918274
5.72572573,-0.42275428771972656,-0.5254092216491699,1.2537873983383179
5.73573574,-0.42266398668289185,-0.512856662273407,1.2566635608673096
5.74574575,-0.4225417971611023,-0.5002771615982056,1.2591724395751953
5.7557557599999996,-0.42238885164260864,-0.48767441511154175,1.26131272315979
5.76576577,-0.42220592498779297,-0.4750521183013916,1.2630833387374878
5.77577578,-0.42199379205703735,-0.4624139666557312,1.2644834518432617
5.785785789999999,-0.4217533469200134,-0.4497636556625366,1.2655127048492432
5.7957958,-0.4214850068092346,-0.4371049106121063,1.2661709785461426
5.80580581,-0.42118966579437256,-0.42444145679473877,1.266458511352539
5.81581582,-0.4208674430847168,-0.41177695989608765,1.2663757801055908
5.825825829999999,-0.42051899433135986,-0.3991151452064514,1.2659236192703247
5.83583584,-0.4201444387435913,-0.38645970821380615,1.2651033401489258
5.84584585,-0.4197443127632141,-0.37381428480148315,1.2639163732528687
5.85585586,-0.4193185567855835,-0.3611825704574585,1.2623645067214966
5.8658658699999995,-0.41886740922927856,-0.3485681712627411,1.260450005531311
5.87587588,-0.4183909296989441,-0.33597472310066223,1.258175253868103
5.88588589,-0.4178890883922577,-0.32340583205223083,1.2555429935455322
5.8958959,-0.4173617959022522,-0.31086501479148865,1.2525562047958374
5.9059059099999995,-0.41680893301963806,-0.2983558475971222,1.2492183446884155
5.91591592,-0.41623038053512573,-0.28588178753852844,1.2455329895019531
5.92592593,-0.41562578082084656,-0.27344629168510437,1.2415039539337158
5.935935939999999,-0.4149949550628662,-0.26105278730392456,1.237135410308838
5.94594595,-0.4143373668193817,-0.24870465695858002,1.2324317693710327
5.95595596,-0.4136527180671692,-0.23640522360801697,1.2273975610733032
5.96596597,-0.4129403531551361,-0.22415776550769806,1.222037672996521
5.975975979999999,-0.4121999144554138,-0.21196550130844116,1.2163571119308472
5.98598599,-0.4114305078983307,-0.19983163475990295,1.2103612422943115
5.995996,-0.41063177585601807,-0.18775928020477295,1.2040553092956543
6.00600601,-0.40980273485183716,-0.17575150728225708,1.197445034980774
6.0160160199999995,-0.4089425802230835,-0.1638113409280777,1.1905361413955688
6.02602603,-0.40805041790008545,-0.15194173157215118,1.183334469795227
6.03603604,-0.40712541341781616,-0.14014557003974915,1.1758460998535156
6.04604605,-0.4061662554740906,-0.1284257024526596,1.1680771112442017
6.0560560599999995,-0.40517207980155945,-0.11678490042686462,1.1600338220596313
6.06606607,-0.40414148569107056,-0.10522587597370148,1.1517224311828613
6.07607608,-0.40307334065437317,-0.09375128149986267,1.143149495124817
6.086086089999999,-0.4019661545753479,-0.08236369490623474,1.1343213319778442
6.0960961,-0.40081849694252014,-0.07106563448905945,1.1252446174621582
6.10610611,-0.3996286392211914,-0.05985955893993378,1.1159257888793945
6.11611612,-0.39839521050453186,-0.04874785616993904,1.1063714027404785
6.126126129999999,-0.3971160650253296,-0.037732843309640884,1.096588134765625
6.13613614,-0.39578959345817566,-0.026816781610250473,1.0865826606750488
6.14614615,-0.39441347122192383,-0.016001857817173004,1.0763615369796753
6.15615616,-0.39298591017723083,-0.005290195345878601,1.0659313201904297
6.1661661699999994,-0.3915042281150818,0.005316147580742836,1.0552985668182373
6.17617618,-0.38996630907058716,0.01581517979502678,1.044469952583313
6.18618619,-0.38836944103240967,0.026204973459243774,1.0334519147872925
6.1961962,-0.3867107629776001,0.03648366779088974,1.0222508907318115
6.2062062099999995,-0.38498765230178833,0.04664946347475052,1.0108734369277954
6.21621622,-0.38319694995880127,0.056700631976127625,0.9993258714675903
6.22622623,-0.3813351094722748,0.06663549691438675,0.9876145720481873
6.23623624,-0.3793991804122925,0.07645245641469955,0.9757457971572876
6.2462462499999996,-0.37738505005836487,0.08614997565746307,0.963725745677948
6.25625626,-0.37528926134109497,0.09572655707597733,0.9515605568885803
6.26626627,-0.37310728430747986,0.10518079251050949,0.9392563700675964
6.276276279999999,-0.3708353042602539,0.11451131105422974,0.9268192052841187
6.28628629,-0.36846819519996643,0.1237168237566948,0.9142550230026245
6.2962963,-0.3660017251968384,0.13279607892036438,0.9015697240829468
6.30630631,-0.3634304702281952,0.14174790680408478,0.8887691497802734
6.316316319999999,-0.36074936389923096,0.15057118237018585,0.8758591413497925
6.32632633,-0.3579525053501129,0.15926483273506165,0.8628453612327576
6.33633634,-0.3550341725349426,0.16782784461975098,0.8497335314750671
6.34634635,-0.35198789834976196,0.17625927925109863,0.8365292549133301
6.3563563599999995,-0.34880781173706055,0.1845582276582718,0.8232381343841553
6.36636637,-0.34548643231391907,0.1927238553762436,0.8098657131195068
6.37637638,-0.3420170545578003,0.20075538754463196,0.7964175343513489
6.38638639,-0.3383922278881073,0.2086520791053772,0.7828990817070007
6.3963963999999995,-0.3346043527126312,0.21641325950622559,0.7693158388137817
6.40640641,-0.33064526319503784,0.22403830289840698,0.7556732892990112
6.41641642,-0.3265071213245392,0.23152665793895721,0.7419769763946533
6.426426429999999,-0.3221812844276428,0.2388778030872345,0.7282323241233826
6.43643644,-0.3176589906215668,0.24609127640724182,0.7144449353218079
6.44644645,-0.3129318356513977,0.25316670536994934,0.7006202936172485
6.45645646,-0.30799034237861633,0.260103702545166,0.6867640614509583
6.466466469999999,-0.3028259873390198,0.26690202951431274,0.6728819012641907
6.47647648,-0.2974294126033783,0.27356141805648804,0.6589794754981995
6.48648649,-0.2917921543121338,0.28008171916007996,0.6450626254081726
6.4964965,-0.2859053909778595,0.28646278381347656,0.6311372518539429
6.5065065099999995,-0.27976077795028687,0.29270458221435547,0.6172093749046326
6.51651652,-0.27335014939308167,0.29880714416503906,0.6032851338386536
6.52652653,-0.266666054725647,0.30477049946784973,0.5893707275390625
6.53653654,-0.25970229506492615,0.3105947971343994,0.5754724740982056
6.5465465499999995,-0.2524529695510864,0.31628021597862244,0.5615969300270081
6.55655656,-0.24491283297538757,0.3218270242214203,0.5477507710456848
6.56656657,-0.23707890510559082,0.32723554968833923,0.5339407324790955
6.576576579999999,-0.228948712348938,0.3325061798095703,0.5201737880706787
6.58658659,-0.220522940158844,0.33763939142227173,0.5064569711685181
6.5965966,-0.2118009328842163,0.34263572096824646,0.4927975535392761
6.60660661,-0.20278823375701904,0.34749579429626465,0.47920283675193787
6.616616619999999,-0.19348740577697754,0.3522202670574188,0.4656803011894226
6.62662663,-0.1839085817337036,0.35680991411209106,0.45223745703697205
6.63663664,-0.17405915260314941,0.3612655699253082,0.43888193368911743
6.64664665,-0.16395244002342224,0.36558815836906433,0.42562136054039
6.6566566599999994,-0.15360069274902344,0.3697786331176758,0.4124634265899658
6.66666667,-0.14302128553390503,0.3738380968570709,0.3994157612323761
6.67667668,-0.13223028182983398,0.3777676522731781,0.3864859640598297
6.68668669,-0.12124902009963989,0.3815685510635376,0.3736814856529236
6.6966966999999995,-0.11009550094604492,0.3852420747280121,0.36100974678993225
6.70670671,-0.09879261255264282,0.388789564371109,0.34847792983055115
6.71671672,-0.08736121654510498,0.39221248030662537,0.33609306812286377
6.72672673,-0.07582476735115051,0.39551231265068054,0.3238619267940521
6.73673674,-0.06420299410820007,0.3986906409263611,0.3117910921573639
6.74674675,-0.05251935124397278,0.4017490744590759,0.2998868525028229
6.75675676,-0.04079157114028931,0.40468934178352356,0.28815528750419617
6.766766769999999,-0.029041647911071777,0.40751317143440247,0.2766020894050598
6.77677678,-0.017284780740737915,0.4102223813533783,0.26523274183273315
6.78678679,-0.005539536476135254,0.4128188490867615,0.25405243039131165
6.7967968,0.006181955337524414,0.4153044819831848,0.24306611716747284
6.806806809999999,0.01786506175994873,0.4176812469959259,0.23227843642234802
6.81681682,0.02949795126914978,0.4199511408805847,0.22169378399848938
6.82682683,0.0410713255405426,0.422116219997406,0.21131631731987
6.83683684,0.05257561802864075,0.4241786003112793,0.20114995539188385
6.8468468499999995,0.0640038549900055,0.42614036798477173,0.19119837880134583
6.85685686,0.07534876465797424,0.42800372838974,0.1814650446176529
6.86686687,0.08660385012626648,0.4297708570957184,0.17195318639278412
6.87687688,0.09776344895362854,0.431443989276886,0.16266578435897827
6.8868868899999995,0.10882247984409332,0.43302538990974426,0.1536056101322174
6.8968969,0.11977562308311462,0.4345173239707947,0.1447751671075821
6.90690691,0.13061761856079102,0.43592211604118347,0.13617673516273499
6.916916919999999,0.14134307205677032,0.4372420907020569,0.12781229615211487
6.92692693,0.15194731950759888,0.43847960233688354,0.11968357115983963
6.93693694,0.16242462396621704,0.4396370053291321,0.11179199069738388
6.94694695,0.1727694571018219,0.4407166838645935,0.10413867980241776
6.956956959999999,0.1829758584499359,0.44172102212905884,0.09672443568706512
6.96696697,0.19303849339485168,0.4426524043083191,0.08954974263906479
6.97697698,0.20295092463493347,0.44351324439048767,0.08261473476886749
6.98698699,0.2127079963684082,0.4443059265613556,0.07591921836137772
6.9969969999999995,0.22230273485183716,0.44503286480903625,0.06946263462305069
7.00700701,0.23173004388809204,0.4456964135169983,0.06324407458305359
7.01701702,0.2409837245941162,0.4462989568710327,0.05726228281855583
7.02702703,0.250058650970459,0.44684284925460815,0.05151566490530968
7.0370370399999995,0.25894948840141296,0.44733044505119324,0.04600227624177933
7.04704705,0.26765117049217224,0.4477640688419342,0.04071984440088272
7.05705706,0.2761588394641876,0.4481460154056549,0.03566576540470123
7.067067069999999,0.2844688296318054,0.4484785497188568,0.03083714470267296
7.07707708,0.2925771176815033,0.448763906955719,0.026230785995721817
7.08708709,0.30048078298568726,0.44900429248809814,0.021843234077095985
7.0970971,0.3081759810447693,0.44920188188552856,0.01767074689269066
7.107107109999999,0.31566163897514343,0.4493587911128998,0.013709379360079765
7.11711712,0.32293492555618286,0.44947710633277893,0.009954945184290409
7.12712713,0.32999569177627563,0.44955888390541077,0.00640309602022171
7.13713714,0.33684176206588745,0.44960615038871765,0.0030492700170725584
7.1471471499999994,0.3434740900993347,0.4496208429336548,-0.00011120922863483429
7.15715716,0.34989163279533386,0.449604868888855,-0.0030831838957965374
7.16716717,0.35609620809555054,0.44956010580062866,-0.005871571134775877
7.17717718,0.3620879352092743,0.4494883418083191,-0.008481405675411224
7.1871871899999995,0.36786895990371704,0.44939133524894714,-0.010917773470282555
7.1971972,0.37344053387641907,0.4492708146572113,-0.013185828924179077
7.20720721,0.3788050413131714,0.4491284191608429,-0.015290758572518826
7.217217219999999,0.38396528363227844,0.44896575808525085,-0.01723776012659073
7.22722723,0.38892391324043274,0.44878441095352173,-0.019032038748264313
7.23723724,0.3936840295791626,0.4485858380794525,-0.020678790286183357
7.24724725,0.39824897050857544,0.4483715295791626,-0.022183187305927277
7.257257259999999,0.40262264013290405,0.4481428563594818,-0.023550359532237053
7.26726727,0.4068082869052887,0.4479011595249176,-0.024785403162240982
7.27727728,0.4108104705810547,0.44764775037765503,-0.02589334174990654
7.28728729,0.4146328568458557,0.4473838806152344,-0.026879144832491875
7.297297299999999,0.418279767036438,0.44711074233055115,-0.027747707441449165
7.30730731,0.42175576090812683,0.4468294680118561,-0.028503837063908577
7.31731732,0.425065279006958,0.4465411901473999,-0.02915225178003311
7.32732733,0.428212434053421,0.4462469220161438,-0.029697593301534653
7.3373373399999995,0.4312020540237427,0.44594770669937134,-0.030144397169351578
7.34734735,0.43403854966163635,0.4456444978713989,-0.030497100204229355
7.35735736,0.43672677874565125,0.4453382194042206,-0.030760031193494797
7.367367369999999,0.439270943403244,0.44502973556518555,-0.030937422066926956
7.3773773799999995,0.44167593121528625,0.4447198808193207,-0.031033389270305634
7.38738739,0.44394609332084656,0.44440945982933044,-0.03105194680392742
7.3973974,0.4460860788822174,0.44409921765327454,-0.03099699318408966
7.407407409999999,0.44810035824775696,0.44378986954689026,-0.030872317031025887
7.41741742,0.44999346137046814,0.44348210096359253,-0.030681593343615532
7.42742743,0.45176962018013,0.4431765377521515,-0.030428389087319374
7.43743744,0.4534331262111664,0.4428738057613373,-0.030116165056824684
7.447447449999999,0.4549885094165802,0.44257447123527527,-0.029748260974884033
7.45745746,0.45643964409828186,0.44227907061576843,-0.029327919706702232
7.46746747,0.4577907919883728,0.44198814034461975,-0.02885826863348484
7.47747748,0.4590460956096649,0.44170212745666504,-0.02834232896566391
7.4874874899999995,0.46020954847335815,0.4414214789867401,-0.02778301201760769
7.4974975,0.4612847864627838,0.4411466419696808,-0.027183135971426964
7.50750751,0.4622756838798523,0.4408780038356781,-0.026545410975813866
7.51751752,0.4631860554218292,0.4406159222126007,-0.025872446596622467
7.5275275299999995,0.46401941776275635,0.4403607249259949,-0.02516675554215908
7.53753754,0.4647793471813202,0.44011273980140686,-0.02443075366318226
7.54754755,0.4654691815376282,0.43987223505973816,-0.023666763678193092
7.557557559999999,0.46609237790107727,0.43963950872421265,-0.022877013310790062
7.56756757,0.46665215492248535,0.4394147992134094,-0.022063642740249634
7.57757758,0.46715161204338074,0.4391983449459076,-0.02122870273888111
7.58758759,0.4675939679145813,0.4389903247356415,-0.020374154672026634
7.597597599999999,0.4679822027683258,0.4387909471988678,-0.019501877948641777
7.60760761,0.46831896901130676,0.4386003613471985,-0.018613675609230995
7.61761762,0.4686073660850525,0.43841874599456787,-0.01771126314997673
7.62762763,0.46884968876838684,0.4382461905479431,-0.01679629273712635
7.6376376399999995,0.46904897689819336,0.43808284401893616,-0.01587032526731491
7.64764765,0.4692074954509735,0.43792882561683655,-0.014934859238564968
7.65765766,0.46932774782180786,0.43778419494628906,-0.013991321437060833
7.66766767,0.46941229701042175,0.43764904141426086,-0.013041064143180847
7.6776776799999995,0.4694631099700928,0.43752339482307434,-0.012085380963981152
7.68768769,0.4694824516773224,0.43740734457969666,-0.011125500313937664
7.6976977,0.46947258710861206,0.4373008906841278,-0.010162584483623505
7.707707709999999,0.4694354236125946,0.4372040927410126,-0.009197738952934742
7.71771772,0.46937286853790283,0.43711695075035095,-0.008232012391090393
7.72772773,0.46928682923316956,0.43703946471214294,-0.007266397587954998
7.73773774,0.4691792130470276,0.43697163462638855,-0.0063018291257321835
7.747747749999999,0.46905162930488586,0.4369134306907654,-0.005339193623512983
7.75775776,0.4689056873321533,0.43686482310295105,-0.0043793292716145515
7.76776777,0.4687429964542389,0.43682581186294556,-0.0034230235032737255
7.77777778,0.4685649871826172,0.4367963373661041,-0.002471022540703416
7.787787789999999,0.4683733582496643,0.43677636981010437,-0.0015240185894072056
7.7977978,0.4681692123413086,0.4367658495903015,-0.0005826705018989742
7.80780781,0.4679539203643799,0.4367646872997284,0.000352405768353492
7.81781782,0.46772873401641846,0.4367728531360626,0.0012806346639990807
7.8278278299999995,0.4674949645996094,0.43679025769233704,0.0022014807909727097
7.83783784,0.46725350618362427,0.43681684136390686,0.0031144379172474146
7.84784785,0.46700572967529297,0.43685251474380493,0.004019042942672968
7.857857859999999,0.46675223112106323,0.4368971884250641,0.004914853721857071
7.8678678699999995,0.4664943814277649,0.43695077300071716,0.005801470950245857
7.87787788,0.46623286604881287,0.437013179063797,0.006678519304841757
7.88788789,0.4659685492515564,0.43708428740501404,0.007545651867985725
7.897897899999999,0.46570226550102234,0.4371640384197235,0.008402549661695957
7.90790791,0.4654347896575928,0.4372522830963135,0.009248919785022736
7.91791792,0.4651668965816498,0.43734896183013916,0.01008449587970972
7.92792793,0.4648991823196411,0.4374539256095886,0.010909033007919788
7.937937939999999,0.4646323025226593,0.4375670850276947,0.011722308583557606
7.94794795,0.4643668532371521,0.43768832087516785,0.012524120509624481
7.95795796,0.4641033113002777,0.4378175139427185,0.01331428624689579
7.96796797,0.46384239196777344,0.43795454502105713,0.014092646539211273
7.9779779799999995,0.46358445286750793,0.43809929490089417,0.01485905796289444
7.98798799,0.46332991123199463,0.43825167417526245,0.015613391995429993
7.997998,0.4630791246891022,0.43841153383255005,0.01635553315281868
8.008008010000001,0.4628327488899231,0.4385787546634674,0.017085392028093338
8.018018020000001,0.46259090304374695,0.4387531876564026,0.017802884802222252
8.02802803,0.46235397458076477,0.4389347434043884,0.0185079425573349
8.03803804,0.46212226152420044,0.4391233026981354,0.019200511276721954
8.04804805,0.4618960916996002,0.4393187165260315,0.019880548119544983
8.05805806,0.4616756737232208,0.43952086567878723,0.02054802142083645
8.06806807,0.46146127581596375,0.43972963094711304,0.02120291069149971
8.078078080000001,0.4612530469894409,0.439944863319397,0.021845204755663872
8.088088090000001,0.46105125546455383,0.4401664733886719,0.022474903613328934
8.098098100000001,0.46085599064826965,0.4403943121433258,0.023092012852430344
8.10810811,0.4606674611568451,0.4406282603740692,0.023696549236774445
8.11811812,0.4604858160018921,0.44086819887161255,0.024288536980748177
8.12812813,0.46031102538108826,0.44111397862434387,0.024868005886673927
8.13813814,0.4601435363292694,0.441365510225296,0.02543499879539013
8.14814815,0.45998308062553406,0.44162264466285706,0.025989556685090065
8.158158160000001,0.45982974767684937,0.4418852627277374,0.026531726121902466
8.168168170000001,0.4596838057041168,0.4421532452106476,0.027061566710472107
8.17817818,0.45954519510269165,0.4424264430999756,0.027579138055443764
8.18818819,0.459414005279541,0.4427047669887543,0.02808450721204281
8.1981982,0.45929014682769775,0.4429880976676941,0.028577741235494614
8.20820821,0.45917364954948425,0.4432762861251831,0.02905891463160515
8.21821822,0.45906466245651245,0.44356924295425415,0.02952810749411583
8.228228230000001,0.45896315574645996,0.4438668191432953,0.029985401779413223
8.238238240000001,0.45886895060539246,0.44416889548301697,0.030430879443883896
8.248248250000001,0.4587821364402771,0.444475382566452,0.03086462989449501
8.25825826,0.45870277285575867,0.4447861611843109,0.03128674626350403
8.26826827,0.4586307108402252,0.4451010823249817,0.03169731795787811
8.27827828,0.45856592059135437,0.4454200565814972,0.032096441835165024
8.28828829,0.45850837230682373,0.44574296474456787,0.03248421475291252
8.2982983,0.4584580957889557,0.4460696876049042,0.032860737293958664
8.308308310000001,0.45841485261917114,0.44640013575553894,0.03322611004114151
8.318318320000001,0.4583788514137268,0.4467341899871826,0.033580437302589417
8.328328330000002,0.4583498239517212,0.44707173109054565,0.03392382338643074
8.33833834,0.4583277702331543,0.4474126398563385,0.03425637260079384
8.34834835,0.4583125710487366,0.447756826877594,0.03457818925380707
8.35835836,0.4583042562007904,0.4481041729450226,0.03488938882946968
8.36836837,0.45830264687538147,0.4484545886516571,0.035190075635910034
8.378378380000001,0.45830780267715454,0.448807954788208,0.03548036143183708
8.388388390000001,0.4583194851875305,0.44916418194770813,0.03576035425066948
8.398398400000001,0.4583377242088318,0.4495231509208679,0.03603016957640648
8.40840841,0.4583624005317688,0.4498847723007202,0.036289915442466736
8.41841842,0.4583934247493744,0.45024892687797546,0.0365397073328495
8.42842843,0.4584307074546814,0.4506155252456665,0.03677965700626373
8.43843844,0.4584742784500122,0.45098447799682617,0.03700988367199898
8.44844845,0.45852378010749817,0.4513556957244873,0.037230491638183594
8.458458460000001,0.4585793912410736,0.45172905921936035,0.03744160011410713
8.468468470000001,0.4586409330368042,0.45210447907447815,0.037643324583768845
8.478478480000001,0.45870834589004517,0.4524818956851959,0.037835780531167984
8.48848849,0.4587814211845398,0.4528611898422241,0.038019075989723206
8.4984985,0.4588601887226105,0.4532422721385956,0.03819333016872406
8.50850851,0.4589446187019348,0.45362505316734314,0.0383586585521698
8.51851852,0.45903441309928894,0.45400944352149963,0.03851517289876938
8.52852853,0.45912966132164,0.4543953537940979,0.03866299241781235
8.538538540000001,0.4592302739620209,0.4547826945781708,0.03880223259329796
8.548548550000001,0.45933598279953003,0.4551713764667511,0.03893300145864487
8.55855856,0.45944690704345703,0.4555613398551941,0.039055418223142624
8.56856857,0.45956286787986755,0.4559524655342102,0.03916959837079048
8.57857858,0.4596838653087616,0.45634469389915466,0.03927565738558769
8.58858859,0.4598095715045929,0.4567379653453827,0.03937370702624321
8.5985986,0.45994019508361816,0.45713216066360474,0.03946386277675629
8.608608610000001,0.4600755572319031,0.457527220249176,0.039546240121126175
8.618618620000001,0.4602155089378357,0.4579230546951294,0.03962095081806183
8.628628630000001,0.46036002039909363,0.45831960439682007,0.0396881140768528
8.63863864,0.46050897240638733,0.4587167799472809,0.03974783793091774
8.64864865,0.460662305355072,0.45911452174186707,0.039800237864255905
8.65865866,0.46081995964050293,0.45951277017593384,0.03984542936086655
8.66866867,0.4609818458557129,0.45991143584251404,0.03988352417945862
8.67867868,0.46114787459373474,0.4603104293346405,0.039914634078741074
8.688688690000001,0.4613180160522461,0.46070972084999084,0.039938874542713165
8.698698700000001,0.4614921510219574,0.4611092209815979,0.03995635360479355
8.70870871,0.4616701602935791,0.4615088403224945,0.039967186748981476
8.71871872,0.461852103471756,0.4619085490703583,0.0399714894592762
8.72872873,0.4620377719402313,0.46230825781822205,0.039969369769096375
8.73873874,0.4622271955013275,0.46270790696144104,0.039960943162441254
8.74874875,0.4624202251434326,0.46310746669769287,0.03994631767272949
8.758758760000001,0.46261686086654663,0.4635068476200104,0.03992560878396034
8.768768770000001,0.4628170132637024,0.4639059901237488,0.03989892452955246
8.778778780000001,0.46302056312561035,0.4643048346042633,0.0398663766682148
8.78878879,0.4632274806499481,0.4647033214569092,0.03982807695865631
8.7987988,0.4634377658367157,0.4651013910770416,0.03978413715958595
8.80880881,0.46365121006965637,0.46549898386001587,0.03973466530442238
8.81881882,0.4638679623603821,0.4658960700035095,0.03967977687716484
8.82882883,0.4640877842903137,0.4662925899028778,0.039619579911231995
8.838838840000001,0.4643106162548065,0.46668845415115356,0.039554182440042496
8.848848850000001,0.46453651785850525,0.4670836627483368,0.0394836962223053
8.85885886,0.46476539969444275,0.4674781262874603,0.039408229291439056
8.86886887,0.4649971127510071,0.4678718149662018,0.039327893406152725
8.87887888,0.46523168683052063,0.4682646691799164,0.03924279659986496
8.88888889,0.46546897292137146,0.46865665912628174,0.03915304318070412
8.8988989,0.4657091498374939,0.4690477252006531,0.03905874863266945
8.908908910000001,0.4659518301486969,0.469437837600708,0.03896001726388931
8.918918920000001,0.4661972224712372,0.46982693672180176,0.03885696083307266
8.928928930000001,0.4664452075958252,0.47021499276161194,0.03874968737363815
8.93893894,0.466695636510849,0.4706019461154938,0.03863830119371414
8.94894895,0.46694862842559814,0.4709877669811249,0.03852291405200958
8.95895896,0.4672040343284607,0.4713723957538605,0.03840363025665283
8.96896897,0.4674617350101471,0.47175583243370056,0.038280557841062546
8.97897898,0.4677218198776245,0.47213801741600037,0.03815380483865738
8.988988990000001,0.46798422932624817,0.4725189208984375,0.03802347555756569
8.998999000000001,0.4682489037513733,0.4728984832763672,0.03788967803120613
9.00900901,0.46851569414138794,0.47327670454978943,0.03775252029299736
9.01901902,0.4687846899032593,0.47365352511405945,0.037612106651067734
9.02902903,0.46905577182769775,0.47402894496917725,0.03746854141354561
9.03903904,0.46932899951934814,0.47440290451049805,0.03732193261384964
9.04904905,0.4696042239665985,0.47477537393569946,0.037172384560108185
9.059059060000001,0.46988144516944885,0.4751463532447815,0.0370200015604496
9.069069070000001,0.470160573720932,0.47551578283309937,0.036864884197711945
9.079079080000001,0.47044166922569275,0.4758836627006531,0.03670714050531387
9.08908909,0.4707246720790863,0.47624993324279785,0.03654687479138374
9.0990991,0.4710094928741455,0.4766145944595337,0.03638419136404991
9.10910911,0.47129613161087036,0.4769776165485382,0.036219190806150436
9.11911912,0.4715845286846161,0.477338969707489,0.036051977425813675
9.12912913,0.4718747138977051,0.4776986539363861,0.035882651805877686
9.139139140000001,0.47216662764549255,0.4780566394329071,0.035711321979761124
9.149149150000001,0.47246018052101135,0.4784128963947296,0.03553808480501175
9.15915916,0.47275540232658386,0.47876742482185364,0.03536304086446762
9.16916917,0.4730522036552429,0.4791201949119568,0.0351862907409668
9.17917918,0.4733505845069885,0.4794711768627167,0.035007938742637634
9.18918919,0.47365057468414307,0.4798203706741333,0.03482808172702789
9.1991992,0.4739520251750946,0.4801677465438843,0.03464682027697563
9.209209210000001,0.4742549955844879,0.4805133044719696,0.03446425497531891
9.219219220000001,0.4745594263076782,0.4808570444583893,0.034280482679605484
9.229229230000001,0.4748653173446655,0.4811989367008209,0.034095603972673416
9.23923924,0.47517263889312744,0.4815389811992645,0.033909715712070465
9.24924925,0.4754813313484192,0.4818771481513977,0.03372291475534439
9.25925926,0.475791335105896,0.48221343755722046,0.033535297960042953
9.26926927,0.476102739572525,0.4825478494167328,0.03334696218371391
9.27927928,0.4764154553413391,0.4828803837299347,0.03315800428390503
9.289289290000001,0.4767293930053711,0.4832110106945038,0.032968513667583466
9.299299300000001,0.47704464197158813,0.48353976011276245,0.03277859091758728
9.30930931,0.4773610830307007,0.4838666021823883,0.032588329166173935
9.31931932,0.4776788055896759,0.48419153690338135,0.03239782154560089
9.32932933,0.47799769043922424,0.4845145642757416,0.03220716118812561
9.33933934,0.4783177375793457,0.484835684299469,0.032016441226005554
9.34934935,0.4786389172077179,0.4851548969745636,0.031825751066207886
9.359359360000001,0.4789612591266632,0.4854722023010254,0.031635183840990067
9.369369370000001,0.47928470373153687,0.48578760027885437,0.03144482895731926
9.379379380000001,0.4796091914176941,0.4861011207103729,0.03125477582216263
9.38938939,0.47993478178977966,0.48641273379325867,0.031065111979842186
9.3993994,0.4802614748477936,0.4867224395275116,0.030875928699970245
9.40940941,0.4805890619754791,0.4870302677154541,0.03068730980157852
9.41941942,0.480917751789093,0.4873362183570862,0.030499346554279327
9.42942943,0.4812474250793457,0.48764029145240784,0.030312122777104378
9.439439440000001,0.4815780818462372,0.48794248700141907,0.030125724151730537
9.449449450000001,0.48190969228744507,0.48824283480644226,0.02994023635983467
9.45945946,0.4822421669960022,0.4885413348674774,0.029755739495158195
9.46946947,0.4825756251811981,0.48883798718452454,0.029572319239377975
9.47947948,0.48291000723838806,0.4891327917575836,0.029390057548880577
9.48948949,0.48324525356292725,0.48942580819129944,0.029209036380052567
9.4994995,0.4835813641548157,0.4897170066833496,0.02902933582663536
9.50950951,0.48391833901405334,0.4900064170360565,0.028851034119725227
9.519519520000001,0.48425617814064026,0.49029403924942017,0.028674211353063583
9.529529530000001,0.48459482192993164,0.49057990312576294,0.028498945757746696
9.53953954,0.4849343001842499,0.4908640384674072,0.028325315564870834
9.54954955,0.4852744936943054,0.491146445274353,0.028153393417596817
9.55955956,0.4856155812740326,0.49142712354660034,0.027983257547020912
9.56956957,0.48595738410949707,0.49170613288879395,0.02781498059630394
9.57957958,0.48629993200302124,0.49198344349861145,0.02764863334596157
9.589589590000001,0.4866432547569275,0.49225911498069763,0.027484292164444923
9.599599600000001,0.48698732256889343,0.4925331473350525,0.02732202783226967
9.60960961,0.4873320758342743,0.4928055703639984,0.02716190740466118
9.61961962,0.4876774847507477,0.4930764138698578,0.027004001662135124
9.62962963,0.48802366852760315,0.4933456778526306,0.026848379522562027
9.63963964,0.48837053775787354,0.4936133921146393,0.02669510804116726
9.64964965,0.48871803283691406,0.4938795864582062,0.026544252410531044
9.65965966,0.4890661835670471,0.4941442906856537,0.026395877823233604
9.669669670000001,0.4894149601459503,0.4944075345993042,0.026250047609210014
9.679679680000001,0.4897644519805908,0.4946693181991577,0.026106826961040497
9.68968969,0.4901145398616791,0.494929701089859,0.025966277346014977
9.6996997,0.4904651939868927,0.4951886832714081,0.02582845650613308
9.70970971,0.49081653356552124,0.4954462945461273,0.02569342590868473
9.71971972,0.49116843938827515,0.4957025647163391,0.025561245158314705
9.72972973,0.4915209114551544,0.49595752358436584,0.02543197013437748
9.739739740000001,0.49187391996383667,0.4962112307548523,0.025305654853582382
9.749749750000001,0.49222755432128906,0.49646368622779846,0.02518235519528389
9.759759760000001,0.49258166551589966,0.49671491980552673,0.02506212517619133
9.76976977,0.4929364025592804,0.4969649612903595,0.02494501695036888
9.77977978,0.49329161643981934,0.49721384048461914,0.024831080809235573
9.78978979,0.4936474561691284,0.49746161699295044,0.024720370769500732
9.7997998,0.49400365352630615,0.4977082908153534,0.024612929672002792
9.80980981,0.49436047673225403,0.4979538917541504,0.02450880967080593
9.819819820000001,0.4947177767753601,0.4981984794139862,0.02440805546939373
9.829829830000001,0.4950755834579468,0.4984420835971832,0.02431071363389492
9.83983984,0.49543386697769165,0.49868473410606384,0.024216825142502785
9.84984985,0.49579259753227234,0.49892646074295044,0.024126432836055756
9.85985986,0.496151864528656,0.4991672933101654,0.024039581418037415
9.86986987,0.4965115189552307,0.4994072914123535,0.023956306278705597
9.87987988,0.496871680021286,0.49964645504951477,0.023876648396253586
9.889889890000001,0.49723222851753235,0.49988484382629395,0.023800643160939217
9.899899900000001,0.4975932538509369,0.5001224875450134,0.023728327825665474
9.909909910000001,0.497954785823822,0.5003594160079956,0.02365974150598049
9.91991992,0.4983166456222534,0.5005956888198853,0.023594912141561508
9.92992993,0.49867892265319824,0.5008313655853271,0.02353387326002121
9.93993994,0.4990416467189789,0.5010664463043213,0.023476654663681984
9.94994995,0.49940478801727295,0.5013009309768677,0.02342328615486622
9.95995996,0.49976828694343567,0.5015349388122559,0.023373795673251152
9.969969970000001,0.5001322031021118,0.5017684698104858,0.023328209295868874
9.979979980000001,0.500496506690979,0.5020015239715576,0.023286553099751472
9.98998999,0.5008612871170044,0.5022342205047607,0.023248855024576187
10.0,0.5012263059616089,0.5024665594100952,0.02321513183414936
